{
    "extension_version": "1.0.21",
    "extension_version_name": "Unicorn",
    "extension_build": "S25.03111545",
    "profile_version": "1.8",
    "supported_profile_versions": ["1.6","1.7"],
    "extension_discription": "Übertrage Informatinen aus Excel-Tabellen in eine Online-Platform.",
    "extension_author": "Steve P.",
    "extension_testing": "Tobias K.",
    "extension_readme": "https://github.com/SteveTheMusician/TimeCopy/blob/main/Readme.md",
    "extension_documentation": "https://github.com/SteveTheMusician/TimeCopy/blob/main/documentation/Dokumentation.md",
    "extension_chromestore": "https://chromewebstore.google.com/detail/time-copy/gdjoddopmbcdgginieddfecabkhfidbf",
    "extension_changelog": "https://github.com/SteveTheMusician/TimeCopy/blob/main/documentation/Changelog.md",
    "extension_privacy": "https://github.com/SteveTheMusician/TimeCopy/blob/main/documentation/Datenschutz/Datenschutz.md",
    "extension_license": "https://github.com/SteveTheMusician/TimeCopy/blob/main/LICENSE",
    "extension_contact": "contact@emptysoul.de",
    "extension_update_text_overview": "👋🏻 Willkommen in V ",
    "extension_update_text_details": "Das neue Update enthält Code-verbesserungen, Bugfixes und die Möglichkeit, in der Erkennung mehrere String-Matches mit Semikolon zu trennen."
}