{
    "extension_version": "1.2.24",
    "extension_version_name": "Silver Liquid",
    "extension_build": "S25.06241522",
    "profile_version": "2.0",
    "profile_type": ".TCP1",
    "supported_profile_versions": ["1.6","1.7","1.8","1.9"],
    "supported_profile_types": [".tcprofile"],
    "extension_discription": "Übertrage Informatinen aus Excel-Tabellen in eine Online-Platform.",
    "extension_author": "Steve P.",
    "extension_testing": "Tobias K.",
    "extension_readme": "https://github.com/SteveTheMusician/TimeCopy/blob/main/Readme.md",
    "extension_documentation": "https://github.com/SteveTheMusician/TimeCopy/blob/main/documentation/Dokumentation.md",
    "extension_chromestore": "https://chromewebstore.google.com/detail/time-copy/gdjoddopmbcdgginieddfecabkhfidbf",
    "extension_changelog": "https://github.com/SteveTheMusician/TimeCopy/blob/main/documentation/Changelog.md",
    "extension_privacy": "https://github.com/SteveTheMusician/TimeCopy/blob/main/documentation/Datenschutz/Datenschutz.md",
    "extension_license": "https://github.com/SteveTheMusician/TimeCopy/blob/main/LICENSE",
    "extension_contact": "contact@emptysoul.de",
    "extension_update_text_overview": "👋🏻 Willkommen in Version ",
    "extension_update_text_details": "Es warten viele neue Funktionen, Bugfixes und Themses auf dich. Alle Changes im Detail findest du hier im ${changeloglink}."
}