{
    "extension_version": "0.9.62",
    "extension_build": "S24.09230921",
    "extension_author": "Steve P.",
    "extension_co_author": "Tobias K.",
    "extension_discription": "Time Copy is created to help developer booking their Times",
    "extension_help_url": "https://github.com/EmptySoulOfficial/TimeCopy/blob/main/accesories/documentation/Help.md",
    "profile_version": "1.6",
    "extension_update_text_overview": "👋🏻 Willkommen in V ",
    "extension_update_text_details": "Du hast soeben das neue Update von Time-Copy erhalten. Es erwarten dich u.A. neue Benachrichtigungsfunktionen, ein schöneres und detailreiches UI und auch paar nette Themes. Ich wünsche dir viel Erfolg!"
}

